layer_id,name,D,M,N,Q,alpha,alpha_weighted,entropy,has_esd,lambda_max,layer_type,log_alpha_norm,log_norm,log_spectral_norm,longname,matrix_rank,norm,num_evals,num_pl_spikes,rank_loss,rf,sigma,spectral_norm,stable_rank,status,sv_max,sv_min,warning,weak_rank_loss,xmax,xmin
6,Conv2d,0.08008492911118567,3,768,256.0,3.9058771429786523,1.4047591623715754,0.994416038439093,True,2.289036273956299,conv2d,2.7255076851021167,2.5731808472779027,0.3596526749175462,atom.vision.vit.embeddings.patch_embeddings.projection,768,374.26640643924475,768,122,0,256,0.26308575504747456,2.289036273956299,163.50392114685644,success,1.512956142425537,0.8202691078186035,,0,2.289036273956299,0.8793409466743469
13,Linear,0.0586387003329818,768,768,1.0,1.4024501846677977,3.2589816380315946,0.7092744926041604,True,210.75462341308594,dense,4.415127793674296,3.6561502963109183,2.3237771107025513,atom.vision.vit.encoder.layer.0.attention.attention.query,768,4530.543413131515,768,333,9,1,0.022054134266746656,210.75462341308594,21.496768800423904,success,14.517390251159668,3.0930856155464426e-05,over-trained,7,210.75462341308594,0.14542342722415924
14,Linear,0.049196392562534746,768,768,1.0,1.4237657890324442,3.5933771938670183,0.7003682909472244,True,334.08282470703125,dense,4.466426242496248,3.6518158940594834,2.523854149009289,atom.vision.vit.encoder.layer.0.attention.attention.key,768,4485.5519828537945,768,336,10,1,0.023118319109212655,334.08282470703125,13.426466885232216,success,18.27793312072754,5.349792627384886e-05,over-trained,7,334.08282470703125,0.1576537787914276
15,Linear,0.06631272253837006,768,768,1.0,3.890452709909764,5.437971358190564,0.8573885408778457,True,24.99041175842285,dense,5.656771153213105,2.852908539902286,1.39777341190627,atom.vision.vit.encoder.layer.0.attention.attention.value,768,712.7029228931667,768,34,1,1,0.4957085501708551,24.99041175842285,28.51905481921301,success,4.9990410804748535,0.00022723291476722807,,1,24.99041175842285,5.450929164886475
18,Linear,0.047673821538938066,768,768,1.0,4.306833002028929,5.9747634626265755,0.8678768222146205,True,24.393571853637695,dense,6.21426886973138,2.8822261136849887,1.3872753969823979,atom.vision.vit.encoder.layer.0.attention.output.dense,768,762.4758867211197,768,24,1,1,0.6750044599638972,24.393571853637695,31.257246429346317,success,4.9389848709106445,5.524292282643728e-05,,2,24.393571853637695,7.005745887756348
21,Linear,0.03081549073766543,768,3072,4.0,2.9652073881461325,8.190512095102832,0.8281415858816574,True,578.36962890625,dense,8.282986442005932,3.8181147868843763,2.7622054794027733,atom.vision.vit.encoder.layer.0.intermediate.dense,768,6578.316836152226,768,48,0,1,0.28365325363990274,578.36962890625,11.373897430597154,success,24.04931640625,0.24024598300457,,0,578.36962890625,35.30045700073242
24,Linear,0.039464043758117406,768,3072,4.0,3.420699858075297,6.753071210380287,0.8942792313648912,True,94.22762298583984,dense,7.153474065908823,3.4664590182603034,1.97417823561404,atom.vision.vit.encoder.layer.0.output.dense,768,2927.2446319907904,768,46,0,1,0.35691272233850363,94.22762298583984,31.065674154071413,success,9.707091331481934,0.3926853835582733,,0,94.22762298583984,16.194883346557617
31,Linear,0.09943890711705139,768,768,1.0,1.4850943882124052,2.8869359366927094,0.7814654209639788,True,87.89031982421875,dense,4.183510684270275,3.4610858820852908,1.943941044829944,atom.vision.vit.encoder.layer.1.attention.attention.query,768,2891.251573176069,768,281,3,1,0.028938305062868295,87.89031982421875,32.8961321219287,success,9.374983787536621,6.153313734102994e-05,over-trained,3,87.89031982421875,0.46154770255088806
32,Linear,0.07315335742387663,768,768,1.0,2.215267260792545,4.519928652348187,0.7585147853539935,True,109.73714447021484,dense,5.467659498750891,3.4419638025756676,2.040353654994709,atom.vision.vit.encoder.layer.1.attention.attention.key,768,2766.7110369390552,768,59,4,1,0.15821432123323034,109.73714447021484,25.21216540029437,success,10.475549697875977,0.00020508169836830348,,4,109.73714447021484,12.895567893981934
33,Linear,0.06994896283758101,768,768,1.0,3.8504191175470885,5.505548692160575,0.8831243496746971,True,26.90648651123047,dense,5.698272380645328,2.9401782042254228,1.4298569906509002,atom.vision.vit.encoder.layer.1.attention.attention.value,768,871.3210461207559,768,43,1,1,0.43468484027465565,26.90648651123047,32.3833082315328,success,5.187146186828613,0.0004066159308422357,,2,26.90648651123047,5.47628116607666
36,Linear,0.043894723409770214,768,768,1.0,4.358741201086776,6.138843135235328,0.9084265567279781,True,25.60932731628418,dense,6.204007941779989,2.9458253089936117,1.408398170945482,atom.vision.vit.encoder.layer.1.attention.output.dense,768,882.7247609888889,768,42,1,1,0.5182650189833897,25.60932731628418,34.468877299545134,success,5.060565948486328,3.9198312151711434e-05,,1,25.60932731628418,4.779691219329834
39,Linear,0.043497130173435816,768,3072,4.0,3.384860456615588,9.020677827562682,0.886226633126178,True,462.3887939453125,dense,9.042359469329153,3.822111761119958,2.665007300354758,atom.vision.vit.encoder.layer.1.intermediate.dense,768,6639.138996839523,768,42,0,1,0.36799195764790943,462.3887939453125,14.358347528691938,success,21.50322723388672,0.37513765692710876,,0,462.3887939453125,35.401832580566406
42,Linear,0.04559871587329628,768,3072,4.0,4.277183159021684,8.501694263572757,0.9333229523754113,True,97.20426940917969,dense,8.626264677802927,3.5467696830830127,1.987685340441989,atom.vision.vit.encoder.layer.1.output.dense,768,3521.840497493744,768,18,0,1,0.7724394783115281,97.20426940917969,36.23133550511673,success,9.859222412109375,0.4242788255214691,,0,97.20426940917969,25.917097091674805
49,Linear,0.09075937682506574,768,768,1.0,1.9761604346146546,3.335414997645966,0.8437401712361552,True,48.73332214355469,dense,4.581590160002774,3.3492008387800682,1.6878260181827605,atom.vision.vit.encoder.layer.2.attention.attention.query,768,2234.605373560034,768,149,1,1,0.07997017875840648,48.73332214355469,45.85374596415803,success,6.980925559997559,0.00033795885974541306,over-trained,1,48.73332214355469,3.4665095806121826
50,Linear,0.06707643656984985,768,768,1.0,2.44669088337349,4.526087692162786,0.8252485284182999,True,70.77523040771484,dense,5.381431547550075,3.3404734167042354,1.8498812918786987,atom.vision.vit.encoder.layer.2.attention.attention.key,768,2190.1477643625494,768,67,2,1,0.17674142137707166,70.77523040771484,30.94511669896044,success,8.412801742553711,4.428239481057972e-05,,2,70.77523040771484,9.183917045593262
51,Linear,0.06177070189245615,768,768,1.0,5.273119624947962,7.478186795795564,0.8804907603677823,True,26.192157745361328,dense,7.820741211860223,3.07274542696874,1.418171277665517,atom.vision.vit.encoder.layer.2.attention.attention.value,768,1182.3482882873423,768,18,0,1,1.0071839545406736,26.192157745361328,45.1413090812168,success,5.117827415466309,0.0005644626216962934,,2,26.192157745361328,11.281440734863281
54,Linear,0.06304411694504963,768,768,1.0,6.398345367817506,9.109825604019669,0.9155879634618251,True,26.53251075744629,dense,9.128235409913243,3.070833035503816,1.4237783489838491,atom.vision.vit.encoder.layer.2.attention.output.dense,768,1177.1533299663965,768,17,0,1,1.3092910679456116,26.53251075744629,44.3664506811151,success,5.15097188949585,0.001015768270008266,under-trained,0,26.53251075744629,8.560347557067871
57,Linear,0.055491285343298835,768,3072,4.0,3.5320201776080564,9.012308095680787,0.9167922345171602,True,356.1242370605469,dense,9.03868984829746,3.8253546770610876,2.5516015318417784,atom.vision.vit.encoder.layer.2.intermediate.dense,768,6688.899596840143,768,53,0,1,0.3477997195257024,356.1242370605469,18.782489088780896,success,18.871253967285156,0.393871933221817,,0,356.1242370605469,29.214181900024414
60,Linear,0.03539943223768538,768,3072,4.0,4.063884527776372,7.950457229369566,0.9556105648579728,True,90.44173431396484,dense,8.085162983156565,3.5445251801273487,1.9563688817998486,atom.vision.vit.encoder.layer.2.output.dense,768,3503.686018690467,768,28,0,1,0.5790197504510607,90.44173431396484,38.73970402344963,success,9.510086059570312,0.4187861979007721,,0,90.44173431396484,18.923030853271484
67,Linear,0.0941134500828083,768,768,1.0,2.384495074736222,3.6530556863610255,0.8796971082018655,True,34.04112243652344,dense,4.828589127198764,3.2797262885498193,1.5320038716226472,atom.vision.vit.encoder.layer.3.attention.attention.query,768,1904.260191311636,768,113,1,1,0.1302423408978672,34.04112243652344,55.939994189748425,success,5.834476947784424,6.887081690365449e-05,,2,34.04112243652344,5.014328956604004
68,Linear,0.06878835309021891,768,768,1.0,2.3493789550070425,4.112896507068112,0.8596793488798492,True,56.31594467163086,dense,4.939658779430091,3.2763416504141865,1.7506313735817827,atom.vision.vit.encoder.layer.3.attention.attention.key,768,1889.4771768856142,768,112,1,1,0.12750432640474463,56.31594467163086,33.551371426029505,success,7.504395008087158,0.00010125683184014633,,2,56.31594467163086,4.830611705780029
69,Linear,0.0957134515507328,768,768,1.0,7.7596163614345715,11.180814634184731,0.8858399106777379,True,27.599287033081055,dense,11.356109860337035,3.1421892264959737,1.4408978631667377,atom.vision.vit.encoder.layer.3.attention.attention.value,768,1387.360184057275,768,10,0,1,2.137578381107321,27.599287033081055,50.26797186443105,success,5.253502368927002,0.0006030770018696785,under-trained,1,27.599287033081055,16.130590438842773
72,Linear,0.04913764611193994,768,768,1.0,5.497908033169024,8.286142774217112,0.9278389642370667,True,32.14731216430664,dense,8.305636580716396,3.1239880776226667,1.5071446674310653,atom.vision.vit.encoder.layer.3.attention.output.dense,768,1330.4178944611403,768,27,0,1,0.8656228045801053,32.14731216430664,41.38504294422199,success,5.669859886169434,0.0007179999956861138,,1,32.14731216430664,7.686788082122803
75,Linear,0.054279660676667896,768,3072,4.0,3.688197849690021,9.547337519839353,0.9294433785561044,True,387.80963134765625,dense,9.558519097818046,3.8314302504602664,2.5886185906869854,atom.vision.vit.encoder.layer.3.intermediate.dense,768,6783.131717711687,768,31,0,1,0.4828145867013031,387.80963134765625,17.490879981861188,success,19.692882537841797,0.36596760153770447,,0,387.80963134765625,34.83681106567383
78,Linear,0.04761765227189174,768,3072,4.0,4.618642824811965,9.112887227657227,0.9682563091071804,True,93.98661804199219,dense,9.183071215562459,3.607637936907773,1.973066022490759,atom.vision.vit.encoder.layer.3.output.dense,768,4051.706115350127,768,18,0,1,0.8529222933721948,93.98661804199219,43.10939365367812,success,9.694669723510742,0.3999389111995697,,0,93.98661804199219,24.697708129882812
85,Linear,0.08596064607797,768,768,1.0,2.369696744136143,3.569857282919399,0.8909992586859259,True,32.09679412841797,dense,4.76508392360823,3.277488540825934,1.5064616566457605,atom.vision.vit.encoder.layer.4.attention.attention.query,768,1894.473526642686,768,124,1,1,0.12300239870783111,32.09679412841797,59.02376165865583,success,5.665403366088867,0.0005002008401788771,,1,32.09679412841797,4.455841064453125
86,Linear,0.07022444293971741,768,768,1.0,2.955258229276347,5.009972018677324,0.8802892792561019,True,49.576271057128906,dense,5.664072792332637,3.275358254383408,1.6952738576432673,atom.vision.vit.encoder.layer.4.attention.attention.key,768,1885.203573793351,768,57,1,1,0.25898027910942234,49.576271057128906,38.02632859621387,success,7.041041851043701,0.0003227578126825392,,1,49.576271057128906,9.001055717468262
87,Linear,0.07028712839054257,768,768,1.0,5.999957649562352,8.563488908332122,0.8929780809383799,True,26.745962142944336,dense,8.971372651759996,3.1612254576175616,1.4272582255571018,atom.vision.vit.encoder.layer.4.attention.attention.value,768,1449.5241574838956,768,15,1,1,1.2909835138998245,26.745962142944336,54.19599974519086,success,5.171649932861328,0.0004349412920419127,,1,26.745962142944336,14.197114944458008
90,Linear,0.027510243742405238,768,768,1.0,4.656174245349058,7.136889001223093,0.9339308448982496,True,34.10198211669922,dense,7.196871969742263,3.1469806399953737,1.5327796223158876,atom.vision.vit.encoder.layer.4.attention.output.dense,768,1402.7511712450155,768,39,0,1,0.5854564318974524,34.10198211669922,41.13400700418847,success,5.839690208435059,0.0020637863781303167,,0,34.10198211669922,6.861906051635742
93,Linear,0.04117718214491839,768,3072,4.0,3.4644304823676744,9.02678062153684,0.9357383508481703,True,403.2364196777344,dense,9.041583033957373,3.833151563796621,2.6055597500018886,atom.vision.vit.encoder.layer.4.intermediate.dense,768,6810.069808587432,768,39,0,1,0.39462470332251603,403.2364196777344,16.88852860569991,success,20.080747604370117,0.36657658219337463,,0,403.2364196777344,30.005712509155273
96,Linear,0.04821692707609637,768,3072,4.0,3.42568188325947,6.909801660364656,0.9801600932139445,True,104.00608825683594,dense,7.225113873890265,3.6926287954803785,2.0170587625579857,atom.vision.vit.encoder.layer.4.output.dense,768,4927.524536088109,768,68,0,1,0.29415713584782244,104.00608825683594,47.377270106726094,success,10.19833755493164,0.38904106616973877,,0,104.00608825683594,14.321362495422363
103,Linear,0.057687020977694736,768,768,1.0,6.12446283438623,10.143971670983735,0.8938243726641711,True,45.32146072387695,dense,10.278029376631881,3.2751011176702307,1.6563038988545555,atom.vision.vit.encoder.layer.5.attention.attention.query,768,1884.0877144111475,768,14,2,1,1.369570301252126,45.32146072387695,41.57164584544256,success,6.732121467590332,3.574921720428392e-05,under-trained,2,45.32146072387695,20.257999420166016
104,Linear,0.063328288677313,768,768,1.0,4.270068054096642,7.000887229005267,0.9031190337424988,True,43.60395812988281,dense,7.330213906054056,3.277002152032242,1.6395259139461995,atom.vision.vit.encoder.layer.5.attention.attention.key,768,1892.3529956800053,768,23,0,1,0.68185632422672,43.60395812988281,43.39865179310709,success,6.603329181671143,0.0016528083942830563,,0,43.60395812988281,14.180360794067383
105,Linear,0.09094638642697439,768,768,1.0,7.683978636117832,10.791528683153189,0.9041749724205139,True,25.37578010559082,dense,10.955037372431857,3.165276678731155,1.4044194022649419,atom.vision.vit.encoder.layer.5.attention.attention.value,768,1463.1089897001932,768,13,0,1,1.8538021305099004,25.37578010559082,57.657694999407695,success,5.037437915802002,0.0005871817120350897,under-trained,1,25.37578010559082,13.820926666259766
108,Linear,0.03833315449097163,768,768,1.0,4.878570062959925,7.361249300887061,0.9423741809510265,True,32.27712631225586,dense,7.412193359021513,3.156862640067361,1.5088948617908842,atom.vision.vit.encoder.layer.5.attention.output.dense,768,1435.035484336946,768,40,1,1,0.6132557731748017,32.27712631225586,44.45982800495013,success,5.681296348571777,0.00043257520883344114,,1,32.27712631225586,6.618115425109863
111,Linear,0.03105146049116342,768,3072,4.0,3.027000257953314,8.085784071662866,0.9326454424105579,True,469.05108642578125,dense,8.119843243311104,3.8413205727814748,2.671220146221598,atom.vision.vit.encoder.layer.5.intermediate.dense,768,6939.378445327282,768,89,0,1,0.21486159762028578,469.05108642578125,14.794504577755225,success,21.6575870513916,0.40704071521759033,,0,469.05108642578125,18.6903076171875
114,Linear,0.028798933977550845,768,3072,4.0,3.738304832748379,7.932549535316435,0.990242898519115,True,132.42327880859375,dense,8.116000593471835,3.776373255448793,2.121964336836724,atom.vision.vit.encoder.layer.5.output.dense,768,5975.486305788159,768,73,0,1,0.32049433899757873,132.42327880859375,45.124137988043636,success,11.50753116607666,0.37023675441741943,,0,132.42327880859375,15.724323272705078
121,Linear,0.07353046883992076,768,768,1.0,2.317466860751771,3.7676672106932423,0.9048184567826884,True,42.24444580078125,dense,4.644312203410322,3.262266835539085,1.6257696170339349,atom.vision.vit.encoder.layer.6.attention.attention.query,768,1829.2237671279022,768,163,1,1,0.1031919686196654,42.24444580078125,43.300929446542135,success,6.49957275390625,6.69780929456465e-05,,1,42.24444580078125,3.220442533493042
122,Linear,0.045716408082957904,768,768,1.0,3.944052360084981,6.23842095565264,0.9161127324241425,True,38.17057800292969,dense,6.6688304985657405,3.2676914405822024,1.5817287363594288,atom.vision.vit.encoder.layer.6.attention.attention.key,768,1852.21518597713,768,33,1,1,0.5124937338544335,38.17057800292969,48.524682697625586,success,6.178234100341797,0.00036445664591155946,,1,38.17057800292969,10.78581428527832
123,Linear,0.05850907565351127,768,768,1.0,7.6715912740688665,10.55238304825068,0.9183003550010729,True,23.741832733154297,dense,10.695974135462402,3.178714337002254,1.3755142409527634,atom.vision.vit.encoder.layer.6.attention.attention.value,768,1509.0872053661976,768,15,1,1,1.7225974598114295,23.741832733154297,63.56237205137209,success,4.872559070587158,0.00026624140446074307,under-trained,1,23.741832733154297,12.417430877685547
126,Linear,0.05050501421870124,768,768,1.0,4.9666023502309,7.354295322576571,0.9537601367564913,True,30.251699447631836,dense,7.393126818974115,3.172233668409537,1.480749777004931,atom.vision.vit.encoder.layer.6.attention.output.dense,768,1486.7353522943492,768,56,0,1,0.5300595351477259,30.251699447631836,49.145515109589454,success,5.500154495239258,0.0017840438522398472,,0,30.251699447631836,5.715451717376709
129,Linear,0.0289248680651758,768,3072,4.0,3.1369569069667307,8.42224798098111,0.9385403755390583,True,484.0013427734375,dense,8.461539872742668,3.8483484230758145,2.684846566516903,atom.vision.vit.encoder.layer.6.intermediate.dense,768,7052.586525857449,768,71,0,1,0.25361012615387846,484.0013427734375,14.571419338311188,success,22.000030517578125,0.4250476062297821,,0,484.0013427734375,20.508928298950195
132,Linear,0.02085124151767881,768,3072,4.0,4.213985870486006,8.470031378937518,0.9999872159335653,True,102.32481384277344,dense,8.73755090680537,3.841548922885266,2.0099809632158676,atom.vision.vit.encoder.layer.6.output.dense,768,6943.028099000454,768,82,0,1,0.3549253644607637,102.32481384277344,67.85282902804711,success,10.115572929382324,0.3684345781803131,,0,102.32481384277344,17.119157791137695
139,Linear,0.06655443033487474,768,768,1.0,2.427283484454033,3.8522036423059767,0.9116038133925292,True,38.64053726196289,dense,4.714505784747821,3.243177639064829,1.5870431562601144,atom.vision.vit.encoder.layer.7.attention.attention.query,768,1750.5625731742261,768,155,0,1,0.11464216825367884,38.64053726196289,45.30378450243369,success,6.216151237487793,0.000988256186246872,,1,38.64053726196289,3.3219425678253174
140,Linear,0.043140889298842994,768,768,1.0,4.063671252363697,6.498542383134159,0.9270121369015385,True,39.735633850097656,dense,6.730333726975992,3.2474764027576533,1.5991801451345704,atom.vision.vit.encoder.layer.7.attention.attention.key,768,1767.976152744084,768,38,0,1,0.49699310443590206,39.735633850097656,44.49346798930549,success,6.3036208152771,0.0013128267601132393,,0,39.735633850097656,9.093461990356445
141,Linear,0.07495101354948885,768,768,1.0,6.955337185346543,10.053220201531376,0.9261801639990693,True,27.886661529541016,dense,10.124705572592353,3.212725469334218,1.445396525521643,atom.vision.vit.encoder.layer.7.attention.attention.value,768,1632.0199726152714,768,21,0,1,1.2995611162302758,27.886661529541016,58.52331842900711,success,5.280782222747803,0.001712801749818027,under-trained,0,27.886661529541016,11.734659194946289
144,Linear,0.037541726848164036,768,768,1.0,5.720336414810748,8.429193145543548,0.9614632747118275,True,29.754215240478516,dense,8.445578563858282,3.2029657870926758,1.4735485003502928,atom.vision.vit.encoder.layer.7.attention.output.dense,768,1595.7534318130586,768,58,1,1,0.619810536526651,29.754215240478516,53.631171883241215,success,5.454742431640625,0.0004816905711777508,,1,29.754215240478516,5.817975044250488
147,Linear,0.04111224184280132,768,3072,4.0,3.3089382936807517,8.882399712946729,0.9549896348351989,True,483.4654846191406,dense,8.88772296039433,3.840529181056799,2.6843654745420613,atom.vision.vit.encoder.layer.7.intermediate.dense,768,6926.744699642062,768,92,0,1,0.240723457700392,483.4654846191406,14.327278616587781,success,21.98784828186035,0.4163668751716614,,0,483.4654846191406,17.233806610107422
150,Linear,0.031555353213414905,768,3072,4.0,5.196763284028592,10.161469238814352,1.0076864765317999,True,90.22892761230469,dense,10.286521192590708,3.9055579956625572,1.955345795727117,atom.vision.vit.encoder.layer.7.output.dense,768,8045.591821700335,768,84,0,1,0.4579044148302971,90.22892761230469,89.16865172409676,success,9.49889087677002,0.3660527467727661,,0,90.22892761230469,19.548259735107422
157,Linear,0.06138965218706183,768,768,1.0,2.5243833974261083,3.9293994887215766,0.9181844946128789,True,36.0228385925293,dense,4.803749527624717,3.2507995078959198,1.5565779321508926,atom.vision.vit.encoder.layer.8.attention.attention.query,768,1781.556121959985,768,144,0,1,0.12703194978550902,36.0228385925293,49.45629471658178,success,6.001903057098389,0.001057894784025848,,0,36.0228385925293,3.6728615760803223
158,Linear,0.05650429256892553,768,768,1.0,4.756074316679749,7.474940246598831,0.9358615287815103,True,37.29595947265625,dense,7.601720572831017,3.253174938651189,1.5716617842542762,atom.vision.vit.encoder.layer.8.attention.attention.key,768,1791.327275291989,768,20,0,1,0.8398837500636991,37.29595947265625,48.03006279018807,success,6.107041835784912,0.0011596818221732974,,0,37.29595947265625,11.073077201843262
159,Linear,0.06513521208208722,768,768,1.0,6.593731317006071,9.864660245438541,0.9383585275487693,True,31.3376522064209,dense,9.891808823769058,3.224146286982254,1.4960664563319905,atom.vision.vit.encoder.layer.8.attention.attention.value,768,1675.5071558413372,768,17,0,1,1.3566791212553775,31.3376522064209,53.46626303734508,success,5.598004341125488,0.0017682419857010245,under-trained,0,31.3376522064209,11.186500549316406
162,Linear,0.07496593420965036,768,768,1.0,5.700305161794333,8.439756272209747,0.9610493228133253,True,30.239856719970703,dense,8.471479377208096,3.2185500478744036,1.4805797290952567,atom.vision.vit.encoder.layer.8.attention.output.dense,768,1654.0553862870888,768,68,0,1,0.5699957251386454,30.239856719970703,54.697857916593044,success,5.499077796936035,0.0015153751010075212,,0,30.239856719970703,5.790518760681152
165,Linear,0.027122668847135878,768,3072,4.0,3.613197748321583,9.868840772405829,0.9631512246029815,True,538.6807861328125,dense,9.869945485542955,3.85197679424535,2.731331485244654,atom.vision.vit.encoder.layer.8.intermediate.dense,768,7111.755122371018,768,92,0,1,0.27244469865327103,538.6807861328125,13.202169643781586,success,23.209497451782227,0.32677268981933594,,0,538.6807861328125,16.512109756469727
168,Linear,0.04427002953204029,768,3072,4.0,6.103974288529091,12.018126851423323,1.0092988752839462,True,93.08976745605469,dense,12.105604489970894,3.9829794427625007,1.968901945410946,atom.vision.vit.encoder.layer.8.output.dense,768,9615.667617470026,768,72,0,1,0.6015091384034509,93.08976745605469,103.29457125359495,success,9.648303985595703,0.38773223757743835,under-trained,0,93.08976745605469,24.60744285583496
175,Linear,0.06187815622149384,768,768,1.0,3.0419987813518787,4.515293407372491,0.9332703345074402,True,30.501272201538086,dense,5.245117624950389,3.2358768960049415,1.484317954054496,atom.vision.vit.encoder.layer.9.attention.attention.query,768,1721.3805677233381,768,97,1,1,0.20733356318531537,30.501272201538086,56.43635309206985,success,5.522795677185059,0.0003536326694302261,,1,30.501272201538086,5.064155578613281
176,Linear,0.02593705467394064,768,768,1.0,4.791515541596155,7.31450501496814,0.9472384466867597,True,33.616580963134766,dense,7.406702703392418,3.2381550392653944,1.526553540621831,atom.vision.vit.encoder.layer.9.attention.attention.key,768,1730.4339985015747,768,50,0,1,0.5362012700873653,33.616580963134766,51.47560962250251,success,5.797980785369873,0.0017519951798021793,,0,33.616580963134766,7.30418062210083
177,Linear,0.059321672172391315,768,768,1.0,6.121889312780147,8.983263488655803,0.9486812336354766,True,29.335973739624023,dense,9.041120188911991,3.2575885333255448,1.4674005081898833,atom.vision.vit.encoder.layer.9.attention.attention.value,768,1809.6247746465601,768,18,0,1,1.207240888517916,29.335973739624023,61.68620106863215,success,5.416269302368164,0.0012736425269395113,under-trained,0,29.335973739624023,10.647937774658203
180,Linear,0.07468347808205089,768,768,1.0,5.565696599876189,8.132791673956037,0.9631209827355374,True,28.922456741333008,dense,8.177924082481693,3.2507136827797884,1.4612351801815706,atom.vision.vit.encoder.layer.9.attention.output.dense,768,1781.2040862787062,768,80,0,1,0.5104603980981408,28.922456741333008,61.58550437844348,success,5.377960205078125,0.0018812507623806596,,0,28.922456741333008,5.906404495239258
183,Linear,0.02334309159507053,768,3072,4.0,4.455679110545896,12.680137317817977,0.9682357889882814,True,701.1923828125,dense,12.680156652761077,3.9007404873465608,2.8458371896230306,atom.vision.vit.encoder.layer.9.intermediate.dense,768,7956.83747535944,768,121,0,1,0.3141526464132633,701.1923828125,11.347581163737644,success,26.480037689208984,0.427752286195755,,0,701.1923828125,15.73371696472168
186,Linear,0.057021203696774214,768,3072,4.0,7.964655633515328,15.993153118733574,1.0086667997172025,True,101.86280822753906,dense,16.0165185452479,4.082660327297393,2.008015644949453,atom.vision.vit.encoder.layer.9.output.dense,768,12096.516642972827,768,51,0,1,0.9752468575724994,101.86280822753906,118.7530253039154,success,10.092710494995117,0.41980281472206116,under-trained,0,101.86280822753906,34.320335388183594
193,Linear,0.03403192994021875,768,768,1.0,4.262254884216109,6.7085976111195915,0.9461962302874473,True,37.4934196472168,dense,6.83097181922383,3.227549841936178,1.5739550527498314,atom.vision.vit.encoder.layer.10.attention.attention.query,768,1688.689651339426,768,43,1,1,0.49748920590351337,37.4934196472168,45.03962741272069,success,6.123187065124512,6.458123971242458e-05,,1,37.4934196472168,7.321806907653809
194,Linear,0.03361544520983406,768,768,1.0,5.104937578284687,7.714065065604797,0.9550820335842735,True,32.441341400146484,dense,7.767792224433319,3.2239671105049625,1.5110988033269555,atom.vision.vit.encoder.layer.10.attention.attention.key,768,1674.816035963243,768,50,0,1,0.5805258395905173,32.441341400146484,51.62597980475864,success,5.695730209350586,0.0016691259806975722,,0,32.441341400146484,6.600385665893555
195,Linear,0.04294149323049323,768,768,1.0,4.796328348751968,7.194712090376502,0.960146210256465,True,31.626110076904297,dense,7.354515907726745,3.30924160811797,1.5000457781937735,atom.vision.vit.encoder.layer.10.attention.attention.value,768,2038.1756468625736,768,64,0,1,0.47454104359399596,31.626110076904297,64.44597966384107,success,5.623709678649902,0.0006890018121339381,,1,31.626110076904297,7.232445240020752
198,Linear,0.08233441568505417,768,768,1.0,5.1499525779057675,7.804202465499479,0.9684029091184242,True,32.763710021972656,dense,7.881888185489502,3.3055782665910645,1.5153930735170118,atom.vision.vit.encoder.layer.10.attention.output.dense,768,2021.0556246960527,768,104,0,1,0.4069363302928114,32.763710021972656,61.685798810349986,success,5.723959445953369,0.0007777198334224522,,1,32.763710021972656,5.833238124847412
201,Linear,0.06616704909493487,768,3072,4.0,5.3461910894753295,15.782082028156536,0.9738256515676736,True,895.413330078125,dense,15.782083313448883,4.00217049260677,2.952023555466547,atom.vision.vit.encoder.layer.10.intermediate.dense,768,10050.102534741163,768,144,0,1,0.3621825907896108,895.413330078125,11.223981369435599,success,29.923458099365234,0.4868876338005066,,0,895.413330078125,18.352834701538086
204,Linear,0.08469541574668843,768,3072,4.0,8.121779502911073,17.859349881812953,1.0041337684489493,True,158.1049346923828,dense,17.880489052184387,4.289858530437812,2.198945425126558,atom.vision.vit.encoder.layer.10.output.dense,768,19492.09549692273,768,75,0,1,0.8223522626229733,158.1049346923828,123.28581353167482,success,12.573978424072266,0.5544078946113586,under-trained,0,158.1049346923828,52.16154861450195
211,Linear,0.03902809878913682,768,768,1.0,4.787549229561005,6.794030105561026,0.9521025577515138,True,26.24846839904785,dense,6.835327158012995,3.0473360213370624,1.4191039673515806,atom.vision.vit.encoder.layer.11.attention.attention.query,768,1115.157016635687,768,62,1,1,0.4810192331737213,26.24846839904785,42.484650901617506,success,5.123325824737549,0.00033518471173010767,,2,26.24846839904785,4.12692403793335
212,Linear,0.045369858602179125,768,768,1.0,4.3884031707637945,8.367479772647085,0.9330193998588151,True,80.67247772216797,dense,8.367743540012418,3.0457611675776013,1.9067253957869004,atom.vision.vit.encoder.layer.11.attention.attention.key,768,1111.1205185335593,768,78,1,1,0.3836611092678573,80.67247772216797,13.773229109935157,success,8.981785774230957,0.0005122493021190166,,1,80.67247772216797,3.510941982269287
213,Linear,0.09486622704675585,768,768,1.0,5.568782243722486,10.102060735981143,0.9925148227507581,True,65.17064666748047,dense,10.118452417803887,3.570076683284556,1.814052030382204,atom.vision.vit.encoder.layer.11.attention.attention.value,768,3716.00836785769,768,132,0,1,0.3976614517796121,65.17064666748047,57.01966388054797,success,8.072834014892578,0.001781028462573886,,0,65.17064666748047,8.512519836425781
216,Linear,0.09079356275981099,768,768,1.0,5.669415939106845,11.913933466344696,1.0002486848914542,True,126.31045532226562,dense,11.914075778143964,3.5718250844905066,2.101439300680699,atom.vision.vit.encoder.layer.11.attention.output.dense,768,3730.998586357499,768,179,0,1,0.3490085335543692,126.31045532226562,29.538319506792323,success,11.238792419433594,0.0025936211459338665,,0,126.31045532226562,6.869171142578125
219,Linear,0.08107332082503871,768,3072,4.0,4.685698189810417,12.382841596862784,0.9903718069889271,True,439.2266540527344,dense,12.38306445668836,3.9416390374265244,2.642688686990272,atom.vision.vit.encoder.layer.11.intermediate.dense,768,8742.568371899426,768,158,0,1,0.29321840421769796,439.2266540527344,19.904457735503858,success,20.957735061645508,0.33012887835502625,,0,439.2266540527344,16.580326080322266
222,Linear,0.09580119353066513,768,3072,4.0,3.5330154748923874,10.982697313500886,0.9668778752985174,True,1284.074462890625,dense,10.983973424519142,4.210343503552812,3.108590209001394,atom.vision.vit.encoder.layer.11.output.dense,768,16230.933692604303,768,176,0,1,0.19093322541777155,1284.074462890625,12.64018104998855,success,35.833984375,0.5152629017829895,,0,1284.074462890625,27.942041397094727
228,Linear,0.1167599830829596,768,768,1.0,15.37394306155409,1.2855867270261851,0.9687544564523238,True,1.2123308181762695,dense,2.214261454459851,2.3725861455961343,0.08362114532875278,atom.vision.vit.pooler.dense,768,235.82299223174368,768,26,0,1,2.818962159928305,1.2123308181762695,194.52033116381247,success,1.1010589599609375,0.00036566241760738194,under-trained,1,1.2123308181762695,1.022013545036316
230,Linear,0.1097412851091249,384,768,2.0,3.061566850785679,2.930994287131809,0.9001107254623959,True,9.064650535583496,dense,2.9821511447954445,1.8793106253254892,0.9573510656413198,atom.vision.proj,384,75.73744067549706,384,145,0,1,0.17120380837406024,9.064650535583496,8.355252127833056,success,3.010755777359009,0.12029391527175903,,0,9.064650535583496,0.17905955016613007
235,Embedding,0.1033188637100404,514,768,1.4941634241245136,1.5064748397521854,3.8140246379607157,0.4007853405028223,True,340.2159118652344,embedding,3.979253122018468,2.9092495814524693,2.531754621662398,atom.text.lm.embeddings.position_embeddings,513,811.4272369475366,514,394,1,1,0.025515833807229923,340.2159118652344,2.3850361157386355,success,18.444942474365234,0.0,over-trained,1,340.2159118652344,0.001155138248577714
244,Linear,0.03330791903188973,768,768,1.0,3.5998896261465245,6.076568933684322,0.932584901232485,True,48.7514533996582,dense,6.6774028151448945,3.4565671733315084,1.6879875676046603,atom.text.lm.encoder.layer.0.attention.self.query,768,2861.3248941386073,768,76,0,1,0.29822779328243265,48.7514533996582,58.692094175774216,success,6.982223987579346,0.0010301537113264203,,0,48.7514533996582,10.1748685836792
245,Linear,0.0743451343123922,768,768,1.0,2.7996130352160087,4.975978015222534,0.9077945399927284,True,59.89363098144531,dense,5.873489253683074,3.4478759117101827,1.7773806424781862,atom.text.lm.encoder.layer.0.attention.self.key,768,2804.6321731662547,768,148,1,1,0.14792728026551608,59.89363098144531,46.826885049515745,success,7.739097595214844,0.00030449143378064036,,1,59.89363098144531,6.125297546386719
246,Linear,0.08935207614453777,768,768,1.0,3.484498415298086,2.3764678354786084,0.9291174428782331,True,4.808520317077637,dense,3.4075557336857347,2.6037301567339877,0.6820114553776631,atom.text.lm.encoder.layer.0.attention.self.value,768,401.5412408606202,768,76,1,1,0.28499151362292907,4.808520317077637,83.5061961648642,success,2.19283390045166,0.00016737879195716232,,2,4.808520317077637,1.5095045566558838
249,Linear,0.053694183395538886,768,768,1.0,4.179118620249902,5.522873202105516,0.9064977554906709,True,20.967187881469727,dense,5.533380700887848,2.608294772793503,1.321540186809835,atom.text.lm.encoder.layer.0.attention.output.dense,768,405.78386351214397,768,20,1,1,0.710872534341412,20.967187881469727,19.353280268488724,success,4.578994274139404,0.00016991537995636463,,2,20.967187881469727,2.986180305480957
253,Linear,0.03101198293591545,768,3072,4.0,2.5586033303698796,5.95448667338777,0.9470358216772501,True,212.44232177734375,dense,6.071871037361638,3.5358107895886173,2.327241039167635,atom.text.lm.encoder.layer.0.intermediate.dense,768,3434.083015538752,768,68,0,1,0.18900841645748445,212.44232177734375,16.164778217486912,success,14.575401306152344,0.3439282178878784,,0,212.44232177734375,7.923312664031982
256,Linear,0.021650094516568186,768,3072,4.0,3.4814124219986136,5.566781344573068,0.9879344562342478,True,39.71923065185547,dense,5.9315127025520695,3.3536020936383646,1.5990008277667036,atom.text.lm.encoder.layer.0.output.dense,768,2257.3665932640433,768,86,0,1,0.2675775829255713,39.71923065185547,56.833089569387,success,6.302319526672363,0.261294960975647,,0,39.71923065185547,5.583637714385986
262,Linear,0.04266379005267018,768,768,1.0,2.8570178334991363,5.312786819255046,0.9171568670765985,True,72.36969757080078,dense,5.4301460589411015,3.1899039309259902,1.8595567577358114,atom.text.lm.encoder.layer.1.attention.self.query,768,1548.4740473885076,768,129,2,1,0.1635013034567161,72.36969757080078,21.396718507405716,success,8.507038116455078,0.00019481069466564804,,2,72.36969757080078,3.6952381134033203
263,Linear,0.0368647686987732,768,768,1.0,2.7031993911538184,4.148221399264684,0.9074463363558442,True,34.242061614990234,dense,5.013871740287063,3.173729917200375,1.5345599044005704,atom.text.lm.encoder.layer.1.attention.self.key,768,1491.8663463172084,768,146,2,1,0.14095778455828678,34.242061614990234,43.56823964314433,success,5.8516716957092285,0.00021106586791574955,,2,34.242061614990234,3.0787410736083984
264,Linear,0.08319710050792961,768,768,1.0,5.4161719935123225,4.785142582238744,0.9194035936668512,True,7.647009372711182,dense,5.2062350064443885,2.6848850492079195,0.8834916224910422,atom.text.lm.encoder.layer.1.attention.self.value,768,484.04423187319225,768,21,0,1,0.9636877353435357,7.647009372711182,63.29850118930592,success,2.765322685241699,0.0009514201083220541,,1,7.647009372711182,3.5194013118743896
267,Linear,0.06315005669748008,768,768,1.0,2.4888817479728624,2.4392385934750704,0.9100727872356061,True,9.551114082336426,dense,3.170932283844974,2.601412424464939,0.9800540324833733,atom.text.lm.encoder.layer.1.attention.output.dense,768,399.40401331947214,768,152,0,1,0.12076425652590579,9.551114082336426,41.81753142893761,success,3.0904877185821533,0.000407786836149171,,1,9.551114082336426,0.8054682016372681
271,Linear,0.01639856556969188,768,3072,4.0,3.1453884242402355,7.744121183317559,0.9542906047242343,True,289.7714538574219,dense,7.752559782116513,3.608828160910585,2.4620555997589206,atom.text.lm.encoder.layer.1.intermediate.dense,768,4062.8254186809063,768,127,0,1,0.1903724383475552,289.7714538574219,14.02079247143497,success,17.022674560546875,0.3926815390586853,,0,289.7714538574219,8.071913719177246
274,Linear,0.04401347792663779,768,3072,4.0,3.3244718962407025,5.074198201063655,0.9808659985454958,True,33.59828186035156,dense,5.690331423326375,3.3878386264576426,1.5263170691265384,atom.text.lm.encoder.layer.1.output.dense,768,2442.522800438106,768,109,0,1,0.22264402814771977,33.59828186035156,72.69784837779048,success,5.796402454376221,0.2931912839412689,,0,33.59828186035156,5.79969596862793
280,Linear,0.061273840252005884,768,768,1.0,3.252951816530213,5.927613442379835,0.9143272933308277,True,66.40885925292969,dense,5.960221583926658,3.1030764544725775,1.8222260201513132,atom.text.lm.encoder.layer.2.attention.self.query,768,1267.875046649196,768,90,1,1,0.23748197329497542,66.40885925292969,19.091956418348847,success,8.149163246154785,0.00047977882786653936,,1,66.40885925292969,4.104160308837891
281,Linear,0.027085718250852958,768,768,1.0,3.0164115398654965,4.131099217185194,0.9181893497793592,True,23.417524337768555,dense,4.948896053105962,3.0919810850789555,1.3695409802633902,atom.text.lm.encoder.layer.2.attention.self.key,768,1235.8936051321327,768,104,0,1,0.19772541902322774,23.417524337768555,52.7764415787899,success,4.839165687561035,0.0006208199774846435,,1,23.417524337768555,3.5527310371398926
282,Linear,0.06377817900073068,768,768,1.0,5.334339924006158,5.666035697698253,0.921536755091619,True,11.539346694946289,dense,5.781299345507845,2.7691671479989197,1.0621812217476736,atom.text.lm.encoder.layer.2.attention.self.value,768,587.7155045371588,768,33,1,1,0.7545117340861894,11.539346694946289,50.93143659463422,success,3.3969614505767822,0.00022812925453763455,,1,11.539346694946289,3.5886194705963135
285,Linear,0.07675466217240268,768,768,1.0,3.588383455670654,3.1697074153373874,0.9280819254655436,True,7.644069194793701,dense,3.711991324995974,2.6449209263621234,0.8833246096730156,atom.text.lm.encoder.layer.2.attention.output.dense,768,441.4900562716807,768,65,1,1,0.3210494549392078,7.644069194793701,57.75589480173402,success,2.7647910118103027,0.00019325675384607166,,1,7.644069194793701,1.7932555675506592
289,Linear,0.02000982999683476,768,3072,4.0,3.810448601854278,9.240265185656973,0.9684426281950144,True,266.0608215332031,dense,9.241584094304585,3.626598074459716,2.4249809277470336,atom.text.lm.encoder.layer.2.intermediate.dense,768,4232.510795108974,768,107,0,1,0.27169632139998984,266.0608215332031,15.908057303283854,success,16.311370849609375,0.34129297733306885,,0,266.0608215332031,9.524015426635742
292,Linear,0.049248338978722606,768,3072,4.0,5.270594039841614,8.312120966138485,0.9832622828270324,True,37.76372146606445,dense,8.413205513751585,3.4116070211493317,1.577074785746214,atom.text.lm.encoder.layer.2.output.dense,768,2579.9246448129416,768,17,0,1,1.035771194729424,37.76372146606445,68.31754246284585,success,6.145219326019287,0.2663668990135193,,0,37.76372146606445,12.715731620788574
298,Linear,0.06048276620124396,768,768,1.0,3.4854215116981786,6.610277748434061,0.9164253114610331,True,78.80439758300781,dense,6.626985068930979,3.151046618275635,1.8965504534380921,atom.text.lm.encoder.layer.3.attention.self.query,768,1415.945763023775,768,67,2,1,0.3036425650753746,78.80439758300781,17.967852130743122,success,8.87718391418457,0.00023963861167430878,,2,78.80439758300781,5.298485279083252
299,Linear,0.04677973381794015,768,768,1.0,3.455002101240454,4.593430362562383,0.9335996338496011,True,21.355093002319336,dense,5.236186033576973,3.1231924559090842,1.3295014671375158,atom.text.lm.encoder.layer.3.attention.self.key,768,1327.9828177716583,768,86,1,1,0.26472968479702663,21.355093002319336,62.185766066550435,success,4.621157169342041,0.00016731990035623312,,2,21.355093002319336,4.463469982147217
300,Linear,0.0525633215579443,768,768,1.0,5.104607386339729,6.415265076769209,0.9219478633125568,True,18.06174659729004,dense,6.430955137713357,2.785430790087096,1.2567597449192447,atom.text.lm.encoder.layer.3.attention.self.value,768,610.1418156512565,768,26,1,1,0.8049797368685907,18.06174659729004,33.78088671351426,success,4.249911308288574,0.00023015316401142627,,3,18.06174659729004,3.7213854789733887
303,Linear,0.055914682375561464,768,768,1.0,3.4410283853859793,3.068987545666596,0.9255945093434468,True,7.796163082122803,dense,3.85904661916739,2.706001729480702,0.8918809152230659,atom.text.lm.encoder.layer.3.attention.output.dense,768,508.16146619598777,768,68,1,1,0.2960181725905096,7.796163082122803,65.18096925925533,success,2.792160987854004,7.265194290084764e-05,,2,7.796163082122803,1.955626130104065
307,Linear,0.026903161939043296,768,3072,4.0,3.871674565058474,9.139724209449135,0.9705789226677874,True,229.43748474121094,dense,9.141662259661778,3.6074695206649143,2.3606643729652155,atom.text.lm.encoder.layer.3.intermediate.dense,768,4050.135197788477,768,99,0,1,0.2886141531001817,229.43748474121094,17.652456408144204,success,15.147193908691406,0.4204128086566925,,0,229.43748474121094,9.624401092529297
310,Linear,0.03707023905310092,768,3072,4.0,4.3376666342388415,7.55028220101299,0.9813862505080617,True,55.034141540527344,dense,7.5986953140000715,3.3933509583465673,1.7406321964476847,atom.text.lm.encoder.layer.3.output.dense,768,2473.7223809063435,768,73,0,1,0.39064433182956193,55.034141540527344,44.9488683144932,success,7.418499946594238,0.3113885223865509,,0,55.034141540527344,7.376686096191406
316,Linear,0.03669734375193512,768,768,1.0,3.44851404808319,6.520275144580171,0.9157763507064828,True,77.75873565673828,dense,6.543147920169784,3.168783513882608,1.8907491904243154,atom.text.lm.encoder.layer.4.attention.self.query,768,1474.9711097786933,768,74,1,1,0.28463397652074124,77.75873565673828,18.96855828893455,success,8.81809139251709,0.00048529193736612797,,2,77.75873565673828,5.255703926086426
317,Linear,0.04478610913964898,768,768,1.0,3.433079706677655,4.63456978937341,0.9275158328928026,True,22.385892868041992,dense,5.339141282477631,3.1368185315624184,1.349974421030408,atom.text.lm.encoder.layer.4.attention.self.key,768,1370.3090676489674,768,78,0,1,0.27549202741143775,22.385892868041992,61.21306287520097,success,4.731373310089111,0.0007189959287643433,,2,22.385892868041992,4.896738052368164
318,Linear,0.059700319541267866,768,768,1.0,5.4573001866781325,6.394995873363067,0.9169181755620393,True,14.853339195251465,dense,6.448584021573991,2.8038440069834047,1.1718240988417592,atom.text.lm.encoder.layer.4.attention.self.value,768,636.566833184522,768,15,0,1,1.1508699594701077,14.853339195251465,42.85681655933833,success,3.8540029525756836,0.00048688706010580063,,2,14.853339195251465,4.874162673950195
321,Linear,0.06736106961129673,768,768,1.0,3.6882163392488287,3.2761613019596285,0.9264498799152634,True,7.731752872467041,dense,3.901333111140736,2.6944171166689803,0.8882779643633587,atom.text.lm.encoder.layer.4.attention.output.dense,768,494.7856740807379,768,67,0,1,0.3284178964755703,7.731752872467041,63.993984577893286,success,2.7806029319763184,0.0002564112364780158,,2,7.731752872467041,1.988460659980774
325,Linear,0.028501757619551205,768,3072,4.0,3.8420307123347586,8.876087273191606,0.9701580241207415,True,204.29574584960938,dense,8.878457419691822,3.5531236344592454,2.310259323199868,atom.text.lm.encoder.layer.4.intermediate.dense,768,3573.7456065565348,768,94,0,1,0.29313308592220827,204.29574584960938,17.493000608966756,success,14.293206214904785,0.43174347281455994,,0,204.29574584960938,8.62259292602539
328,Linear,0.04866245812281089,768,3072,4.0,4.645156023910939,7.50653050499998,0.981320724869873,True,41.303897857666016,dense,7.570361719948802,3.3294809294968455,1.6159910380534297,atom.text.lm.encoder.layer.4.output.dense,768,2135.408315099776,768,32,0,1,0.6443786357476045,41.303897857666016,51.699922425201414,success,6.4268107414245605,0.2555735111236572,,0,41.303897857666016,8.606302261352539
334,Linear,0.062082746819068335,768,768,1.0,3.9065966653991624,7.485284038053985,0.9149085444214793,True,82.42570495605469,dense,7.489072188028263,3.1174533473437314,1.9160626701884427,atom.text.lm.encoder.layer.5.attention.self.query,768,1310.5492533613346,768,58,1,1,0.38165483989552856,82.42570495605469,15.899763963924297,success,9.07886028289795,0.0007623715791851282,,2,82.42570495605469,5.346181869506836
335,Linear,0.061953503930282317,768,768,1.0,4.057646203006641,5.092582828000306,0.9329654445685817,True,17.991127014160156,dense,5.656280021359171,3.0866841523522432,1.2550583696101438,atom.text.lm.encoder.layer.5.attention.self.key,768,1220.9114097452564,768,54,1,1,0.41609294507359434,17.991127014160156,67.86186372784327,success,4.2415947914123535,1.3487189789884724e-05,,2,17.991127014160156,5.324095726013184
336,Linear,0.08734356220762807,768,768,1.0,5.554781258325035,5.381791062935651,0.9239735503842046,True,9.308022499084473,dense,5.89629354136814,2.8639542647824863,0.9688574243801011,atom.text.lm.encoder.layer.5.attention.self.value,768,731.0620918434964,768,36,1,1,0.7591302097208392,9.308022499084473,78.54107485402005,success,3.050905227661133,0.00011554611410247162,,2,9.308022499084473,4.228720188140869
339,Linear,0.0594484656150559,768,768,1.0,4.065692196830496,4.136805319906628,0.9184091068549065,True,10.410965919494629,dense,4.536478915749827,2.736574678072236,1.0174910248079208,atom.text.lm.encoder.layer.5.attention.output.dense,768,545.2236402600633,768,40,0,1,0.48472849734948,10.410965919494629,52.37013015661948,success,3.226602792739868,0.0003203692613169551,,1,10.410965919494629,2.909120559692383
343,Linear,0.021104667944633837,768,3072,4.0,3.8764539933343576,8.399732845628034,0.9762725813544405,True,146.8452606201172,dense,8.405314432415945,3.502939315466199,2.1668599343811503,atom.text.lm.encoder.layer.5.intermediate.dense,768,3183.752620741725,768,79,0,1,0.32362635854708316,146.8452606201172,21.681003576805693,success,12.117972373962402,0.41818004846572876,,0,146.8452606201172,8.33832836151123
346,Linear,0.030573539426166974,768,3072,4.0,4.008681531327163,6.531059034845941,0.9800536240391178,True,42.58226013183594,dense,6.6552253665031,3.2757553389065364,1.6292287086930772,atom.text.lm.encoder.layer.5.output.dense,768,1886.9280430674553,768,72,0,1,0.3545765188720272,42.58226013183594,44.312538536598815,success,6.525508403778076,0.14743587374687195,,0,42.58226013183594,5.455539226531982
352,Linear,0.0768516267995063,768,768,1.0,6.708371546882929,8.784043546667844,0.9228048589386423,True,20.389904022216797,dense,8.998692558396803,3.1171684449687502,1.3094151815054704,atom.text.lm.encoder.layer.6.attention.self.query,768,1309.6897993117677,768,14,1,1,1.5256264689174786,20.389904022216797,64.23226896432335,success,4.5155181884765625,0.00013485242379829288,under-trained,2,20.389904022216797,10.584405899047852
353,Linear,0.084539217649516,768,768,1.0,2.5597808675195353,3.158480126481095,0.917766198237276,True,17.13511085510254,dense,4.321856135043388,3.08691075011747,1.2338869184305248,atom.text.lm.encoder.layer.6.attention.self.key,768,1221.5485994750954,768,153,1,1,0.12610080920785474,17.13511085510254,71.28921486442205,success,4.139457702636719,0.00010459568147780374,,1,17.13511085510254,2.5947976112365723
354,Linear,0.05559405419098873,768,768,1.0,8.46613697301058,7.533958821546259,0.9340540589478636,True,7.760564804077148,dense,7.708612109679742,2.8449022176103362,0.8898933298107465,atom.text.lm.encoder.layer.6.attention.self.value,768,699.6844427236798,768,19,1,1,1.7128492928413566,7.760564804077148,90.15895883713108,success,2.7857789993286133,0.00014647579519078135,under-trained,2,7.760564804077148,4.275055408477783
357,Linear,0.03768178515995402,768,768,1.0,4.0678379916550576,5.225857105019014,0.9334459678794198,True,19.260910034179688,dense,5.2592227881831,2.7316257196876386,1.2846768026995097,atom.text.lm.encoder.layer.6.attention.output.dense,768,539.0458659372373,768,62,1,1,0.38961581455620165,19.260910034179688,27.9865211446742,success,4.388725280761719,0.00034342799335718155,,2,19.260910034179688,2.0664186477661133
361,Linear,0.026316293084932774,768,3072,4.0,3.987215358802114,9.23837961276573,0.9716103947318157,True,207.49154663085938,dense,9.239488809946355,3.5432123564358013,2.3170004079090507,atom.text.lm.encoder.layer.6.intermediate.dense,768,3493.110759317875,768,74,0,1,0.34725673188001666,207.49154663085938,16.83495456097949,success,14.404566764831543,0.3594695031642914,,0,207.49154663085938,9.258159637451172
364,Linear,0.026020974781784,768,3072,4.0,4.106432149335456,7.130690239125366,0.978127099163816,True,54.50904083251953,dense,7.209443023769821,3.3200158789581127,1.7364685400389062,atom.text.lm.encoder.layer.6.output.dense,768,2089.372522458434,768,73,0,1,0.3635803824451634,54.50904083251953,38.33075193669407,success,7.383023738861084,0.2973925471305847,,0,54.50904083251953,6.054306507110596
370,Linear,0.053770271728883046,768,768,1.0,3.996602813429641,5.367733142667531,0.9270141284122613,True,22.033016204833984,dense,6.08623227808919,3.179568206894925,1.3430739538666514,atom.text.lm.encoder.layer.7.attention.self.query,768,1512.0571525853882,768,47,1,1,0.43709944390348154,22.033016204833984,68.62687970309062,success,4.693933963775635,7.72433340898715e-05,,2,22.033016204833984,7.1255292892456055
371,Linear,0.040499059897873835,768,768,1.0,3.6757003497065717,5.117040006975248,0.9207688981069143,True,24.667579650878906,dense,5.81831413741828,3.1549957272642017,1.3921265392005466,atom.text.lm.encoder.layer.7.attention.self.key,768,1428.8799006388758,768,65,1,1,0.3318797827161069,24.667579650878906,57.925419553189315,success,4.966646671295166,0.00013885843509342521,,2,24.667579650878906,5.836289405822754
372,Linear,0.06027722860049056,768,768,1.0,8.232812524232733,7.0490204517995165,0.9305969011770523,True,7.181422710418701,dense,7.113080594472269,2.7068209163957206,0.8562104907710696,atom.text.lm.encoder.layer.7.attention.self.value,768,509.1208891013918,768,15,1,1,1.8675041635062535,7.181422710418701,70.89415421303174,success,2.6798176765441895,1.048194235409028e-06,under-trained,2,7.181422710418701,3.5710537433624268
375,Linear,0.04074701559059335,768,768,1.0,5.077738484788868,4.791034871179898,0.9403199527529429,True,8.780861854553223,dense,4.81999278831305,2.5707766225447783,0.9435371446426724,atom.text.lm.encoder.layer.7.attention.output.dense,768,372.20021746946554,768,23,1,1,0.8502672508337347,8.780861854553223,42.387663493016355,success,2.963251829147339,0.00025990381254814565,,2,8.780861854553223,2.0646464824676514
379,Linear,0.029399514720339304,768,3072,4.0,3.9024170128632716,8.789351878724966,0.9770439215819186,True,178.7656707763672,dense,8.795486832370027,3.550260255653833,2.2522841228277817,atom.text.lm.encoder.layer.7.intermediate.dense,768,3550.2607870697975,768,96,0,1,0.2962266959286657,178.7656707763672,19.859857721290982,success,13.370327949523926,0.35444971919059753,,0,178.7656707763672,8.342894554138184
382,Linear,0.04123776856518274,768,3072,4.0,3.7754395808396777,7.102702578263346,0.9727699237392174,True,76.08368682861328,dense,7.175584583244176,3.3433791877585533,1.8812915492832938,atom.text.lm.encoder.layer.7.output.dense,768,2204.850704677403,768,95,0,1,0.28475409274618035,76.08368682861328,28.97928316281606,success,8.722596168518066,0.2793510854244232,,0,76.08368682861328,5.577315330505371
388,Linear,0.058984505767639694,768,768,1.0,4.07654972896596,6.137699044805722,0.9190705145462532,True,32.03400421142578,dense,6.277314099239379,3.1022081957577394,1.5056112283371028,atom.text.lm.encoder.layer.8.attention.self.query,768,1265.3427928159736,768,40,1,1,0.48644522391530676,32.03400421142578,39.49998833941139,success,5.6598591804504395,0.00020339631009846926,,2,32.03400421142578,6.663267135620117
389,Linear,0.06930689720140731,768,768,1.0,4.022438239206235,5.386343212316727,0.9170275174523423,True,21.83102798461914,dense,5.9242154201043755,3.082496825899291,1.339074186352116,atom.text.lm.encoder.layer.8.attention.self.key,768,1209.196345333792,768,36,2,1,0.5037397065343724,21.83102798461914,55.38888714657507,success,4.67236852645874,7.836923032300547e-05,,3,21.83102798461914,6.752305030822754
390,Linear,0.03581519739533562,768,768,1.0,5.76529752802995,5.788414189022309,0.9540298262572567,True,10.092752456665039,dense,5.813980361937316,2.737159505248515,1.0040096215121543,atom.text.lm.encoder.layer.8.attention.self.value,768,545.9583407996131,768,27,1,1,0.9170819368589166,10.092752456665039,54.09409803161018,success,3.1769092082977295,0.00013463264622259885,,1,10.092752456665039,2.699064254760742
393,Linear,0.06889245561793211,768,768,1.0,4.992417722877438,4.9387294861049575,0.9631647145584479,True,9.75542163848877,dense,4.9736607199609795,2.5769724916526004,0.9892460447517328,atom.text.lm.encoder.layer.8.attention.output.dense,768,377.5482761429411,768,59,1,1,0.5197685155219542,9.75542163848877,38.70137961575875,success,3.1233670711517334,0.00028345774626359344,,2,9.75542163848877,1.3038170337677002
397,Linear,0.031013573431980634,768,3072,4.0,3.6787926516491765,8.730776227527004,0.9649346882674733,True,236.19580078125,dense,8.74124772203965,3.5291151039954096,2.3732721722201604,atom.text.lm.encoder.layer.8.intermediate.dense,768,3381.544476840645,768,131,0,1,0.2340472006699664,236.19580078125,14.316700236226566,success,15.36866283416748,0.20704776048660278,,0,236.19580078125,6.601450443267822
400,Linear,0.026765352722877722,768,3072,4.0,3.822633286224621,7.112822977283566,0.9756332684380459,True,72.56260681152344,dense,7.1531337194202305,3.3519921683505904,1.8607128763608036,atom.text.lm.encoder.layer.8.output.dense,768,2249.014048911631,768,77,0,1,0.32166891643232004,72.56260681152344,30.994118702947045,success,8.5183687210083,0.26357752084732056,,0,72.56260681152344,6.249398231506348
406,Linear,0.06379690338742783,768,768,1.0,3.885389259237321,6.365888863568475,0.906128724786781,True,43.49279022216797,dense,6.434439635254773,3.0811529959863524,1.6384172701445265,atom.text.lm.encoder.layer.9.attention.self.query,768,1205.4605327820884,768,32,1,1,0.5100695778923846,43.49279022216797,27.71633014631638,success,6.594906330108643,0.00014424235268961638,,3,43.49279022216797,7.371902942657471
407,Linear,0.08040113358956708,768,768,1.0,3.444199757235914,4.554536816360889,0.9135877339965242,True,21.007715225219727,dense,5.241092344511995,3.06763012456161,1.3223788216093648,atom.text.lm.encoder.layer.9.attention.self.key,768,1168.503787881314,768,58,1,1,0.3209391513192477,21.007715225219727,55.62260223703562,success,4.5834174156188965,4.556276689982042e-05,,3,21.007715225219727,5.247104167938232
408,Linear,0.05617317770603558,768,768,1.0,3.975388871462081,4.663464336352999,0.9500614680299242,True,14.896485328674316,dense,4.8679900827158145,2.690072624961672,1.1730838132164554,atom.text.lm.encoder.layer.9.attention.self.value,768,489.8607295555331,768,78,0,1,0.33689644868059204,14.896485328674316,32.88431591394232,success,3.8595964908599854,0.00039412666228599846,,2,14.896485328674316,1.5409280061721802
411,Linear,0.0550025093118649,768,768,1.0,3.521331640631404,4.268958227886819,0.9516037626328335,True,16.304729461669922,dense,4.337820436215687,2.5541435012501554,1.2123135971144596,atom.text.lm.encoder.layer.9.attention.output.dense,768,358.21478025289355,768,129,0,1,0.22199087281413915,16.304729461669922,21.969992270954577,success,4.037911415100098,0.0007682321011088789,,1,16.304729461669922,0.8140993714332581
415,Linear,0.03615233255236372,768,3072,4.0,3.515303718659936,8.138377801610245,0.9596309453211916,True,206.59886169433594,dense,8.155303705123425,3.436202199444879,2.315127924341247,atom.text.lm.encoder.layer.9.intermediate.dense,768,2730.24864000082,768,169,0,1,0.1934849014353797,206.59886169433594,13.215216277620334,success,14.373547554016113,0.3069210946559906,,0,206.59886169433594,4.517230033874512
418,Linear,0.04684400093361618,768,3072,4.0,4.137061860977056,7.772417732023406,0.9849148017852283,True,75.63606262207031,dense,7.795745402796837,3.338622970605947,1.878728912742867,atom.text.lm.encoder.layer.9.output.dense,768,2180.83581405133,768,128,0,1,0.2772797143623208,75.63606262207031,28.833280560204233,success,8.6968994140625,0.19681628048419952,,0,75.63606262207031,4.715394496917725
424,Linear,0.07820460720653494,768,768,1.0,4.710305522032376,8.449470769842817,0.9102373168442305,True,62.205169677734375,dense,8.451412610056682,3.0937189402656253,1.7938264790512117,atom.text.lm.encoder.layer.10.attention.self.query,768,1240.84901493384,768,44,2,1,0.5593496033711415,62.205169677734375,19.94768314855972,success,7.887025356292725,0.00018903605814557523,,2,62.205169677734375,6.487757682800293
425,Linear,0.10041107710173403,768,768,1.0,6.287680791197746,7.149949634143789,0.9177315815608885,True,13.713118553161621,dense,7.813245220516102,3.0622843646795785,1.1371362306040012,atom.text.lm.encoder.layer.10.attention.self.key,768,1154.2087561903895,768,27,0,1,1.017614642728944,13.713118553161621,84.16821831707139,success,3.703122854232788,0.0004752065578941256,under-trained,2,13.713118553161621,7.778764724731445
426,Linear,0.06189670545946113,768,768,1.0,4.158839930658976,5.6082248531104035,0.9423710715663909,True,22.310382843017578,dense,5.640671687550471,2.6991420406045843,1.3485070227797322,atom.text.lm.encoder.layer.10.attention.self.value,768,500.19810330828426,768,69,1,1,0.3802796398137729,22.310382843017578,22.419969519475544,success,4.723386764526367,0.00025142874801531434,,1,22.310382843017578,1.6713875532150269
429,Linear,0.06441471978636032,768,768,1.0,3.372468196020902,4.6872736474429235,0.94472103886373,True,24.5394287109375,dense,4.705718679769214,2.583052228409749,1.3898644479355893,atom.text.lm.encoder.layer.10.attention.output.dense,768,382.87078472582,768,157,2,1,0.18934357510608418,24.5394287109375,15.60226968752415,success,4.953728675842285,3.375370943103917e-05,,2,24.5394287109375,0.761907696723938
433,Linear,0.026587140490151207,768,3072,4.0,3.4484412955799484,7.492894384070175,0.9622914669298398,True,148.87957763671875,dense,7.511813620082186,3.3518910565042686,2.172835128054585,atom.text.lm.encoder.layer.10.intermediate.dense,768,2248.490497490391,768,149,0,1,0.2005841264856089,148.87957763671875,15.102746348306654,success,12.201622009277344,0.13846053183078766,,0,148.87957763671875,4.090384006500244
436,Linear,0.08567704867624903,768,3072,4.0,3.989834456850904,7.737804505638201,0.9771380070718312,True,86.97207641601562,dense,7.848835196828156,3.293292528167328,1.9393798387679209,atom.text.lm.encoder.layer.10.output.dense,768,1964.6831848621368,768,173,0,1,0.2273129044470799,86.97207641601562,22.589815787131727,success,9.325881958007812,0.16058014333248138,,0,86.97207641601562,3.5868117809295654
442,Linear,0.039737525706684984,768,768,1.0,4.207844177525209,7.451600473767634,0.9080547529587627,True,59.004234313964844,dense,7.472620630266179,3.1195804405312146,1.7708831789845885,atom.text.lm.encoder.layer.11.attention.self.query,768,1316.9838234142821,768,38,1,1,0.5203810412441816,59.004234313964844,22.3201578450546,success,7.681421279907227,0.0006039789877831936,,2,59.004234313964844,7.3352370262146
443,Linear,0.04783027163234577,768,768,1.0,7.5743827911865775,9.44978678556129,0.9295588787766751,True,17.684722900390625,dense,9.595280372639248,3.106240553838631,1.2475982593006656,atom.text.lm.encoder.layer.11.attention.self.key,768,1277.146018599167,768,17,1,1,1.594522039488548,17.684722900390625,72.21747413248737,success,4.205320835113525,0.00020050995226483792,under-trained,2,17.684722900390625,8.905180931091309
444,Linear,0.09902147343914991,768,768,1.0,4.548238164719795,6.530964179964228,0.9461419822643626,True,27.285552978515625,dense,6.534793749941163,2.80240057774849,1.4359327597715157,atom.text.lm.encoder.layer.11.attention.self.value,768,634.4546397997152,768,112,1,1,0.3352769920098862,27.285552978515625,23.252401748987037,success,5.223557472229004,9.350853247269697e-07,,1,27.285552978515625,1.8166371583938599
447,Linear,0.08937934872920572,768,768,1.0,3.75369650420356,5.383000274673921,0.9405168520856733,True,27.16771697998047,dense,5.403441826506068,2.6461209821225147,1.4340531443194175,atom.text.lm.encoder.layer.11.attention.output.dense,768,442.71168210224084,768,154,1,1,0.22189918790436408,27.16771697998047,16.295505523282255,success,5.212265968322754,0.0003554822178557515,,1,27.16771697998047,0.9631057381629944
451,Linear,0.021441545593435696,768,3072,4.0,3.296614862184191,7.647152891206631,0.9462464544985186,True,208.78466796875,dense,7.66810318491474,3.399673131976697,2.319698603233247,atom.text.lm.encoder.layer.11.intermediate.dense,768,2509.9965929687023,768,143,0,1,0.19205258285650656,208.78466796875,12.021939241938915,success,14.449382781982422,0.10870032757520676,,0,208.78466796875,4.548811912536621
454,Linear,0.08636382448213031,768,3072,4.0,3.610339872795002,7.25445343582788,0.9517109576317014,True,102.1773681640625,dense,7.313703362808651,3.1680229150779495,2.0093547121400874,atom.text.lm.encoder.layer.11.output.dense,768,1472.3901894567534,768,190,0,1,0.1893739582427963,102.1773681640625,14.410140091811622,success,10.108282089233398,0.1107032522559166,,0,102.1773681640625,2.470874071121216
458,Linear,0.13217246281076606,768,768,1.0,5.824063605867985,0.5070514952500366,0.9687438428757226,True,1.2219725847244263,dense,1.9438141456387548,2.3736997776190236,0.08706146250517614,atom.text.lm.pooler.dense,768,236.42847317667864,768,89,0,1,0.5113497195235901,1.2219725847244263,193.48099632693226,success,1.105428695678711,0.0003633105370681733,,1,1.2219725847244263,0.7572507858276367
460,Linear,0.08840009540334426,384,768,2.0,3.1280617735254466,2.003382598640733,0.93772883466671,True,4.3697333335876465,dense,2.1337501302618467,1.8639987648139236,0.6404549346168581,atom.text.proj,384,73.1137004038319,384,130,0,1,0.1866433644051232,4.3697333335876465,16.731844902719487,success,2.090390682220459,0.11742530763149261,,0,4.3697333335876465,0.19972190260887146
465,Linear,0.09506759739226348,256,384,1.5,1.820263132370112,4.124365025757496,0.499086960016348,True,184.41958618164062,dense,4.3013414151997695,2.73130747995918,2.265807043175829,atom.comp.mlp.2,256,538.6510117994621,256,158,0,1,0.06525663098978436,184.41958618164062,2.9207906977349354,success,13.580117225646973,0.09296394884586334,over-trained,0,184.41958618164062,0.14020182192325592
471,Linear,0.11270981779887035,96,384,4.0,2.5643184000377452,4.101701585311445,0.4248200776199415,True,39.76756286621094,dense,4.102321886652118,1.762443484404901,1.5995289762968086,han.attention.heads.0,96,57.868667781353,96,59,0,1,0.20365690892817884,39.76756286621094,1.4551725982313568,success,6.306152820587158,0.20392395555973053,,0,39.76756286621094,0.12215922772884369
472,Linear,0.11968689091288498,96,384,4.0,2.325235245523003,3.7490426083963,0.44244155785546,True,40.95701599121094,dense,3.752475982911637,1.798544342952933,1.6123283076904538,han.attention.heads.1,96,62.88460581749678,96,72,0,1,0.15618047146278913,40.95701599121094,1.5353805519179262,success,6.39976692199707,0.20943740010261536,,0,40.95701599121094,0.10037072002887726
473,Linear,0.0670447764812423,96,384,4.0,2.2382418766250565,2.0893308931408345,0.7490318636763411,True,8.579651832580566,dense,2.328958447824479,1.5850207579095146,0.9334696642756243,han.attention.heads.2,96,38.46101647615433,96,62,0,1,0.1572568755883364,8.579651832580566,4.482817860988436,success,2.9291043281555176,0.21183960139751434,,0,8.579651832580566,0.12808485329151154
474,Linear,0.12401607628466427,96,384,4.0,2.3194279719260216,3.590436541324351,0.4640417375700561,True,35.316986083984375,dense,3.592685450344088,1.7388669348423713,1.5479836342332722,han.attention.heads.3,96,54.81090019643307,96,72,0,1,0.15549607770601725,35.316986083984375,1.5519699236535032,success,5.942809581756592,0.20182763040065765,,0,35.316986083984375,0.09674879908561707
480,Linear,0.06513717947479389,384,384,1.0,1.9007222218082673,4.308430517133858,0.492498417353683,True,184.81336975097656,dense,4.473013492260831,2.7046155928265265,2.2667333857100895,han.attention.out_proj,384,506.54215401761115,384,169,1,1,0.0692863247544821,184.81336975097656,2.7408306807031453,success,13.594608306884766,0.00010998495417879894,over-trained,1,184.81336975097656,0.17058464884757996
485,Linear,0.06333334247334482,256,1152,4.5,1.6527057780458358,6.552704962575746,0.04938493411411971,True,9222.2001953125,dense,6.552784142788839,3.9716300656055927,3.9648345456404726,pop_classifier.clf.0,256,9367.637265630066,256,23,0,1,0.13609856286089456,9222.2001953125,1.0157703224000159,success,96.03228759765625,0.22882229089736938,over-trained,0,9222.2001953125,0.6274626851081848
